RT @Max33Verstappen: What an incredible win! ğŸ”¥ Simply an amazing job by @redbullracing and @HondaRacingF1 ğŸ™ğŸ» Letâ€™s keep this up! Insane toâ€¦,  credibl lose simpli amaz job   prevent discontinu sane to
"RT @McLarenF1: You were quick all weekend, @GeorgeRussell63. The points will come! ğŸ¤

#AustrianGP ğŸ‡¦ğŸ‡¹
https://t.co/0V6YScvknD","  quick weekend  unpointed go 
austriangp 
"
"RT @wtf1official: ğŸš¨ MORE PENALTIES ğŸš¨

Sainz, Perez, Ricciardo, Leclerc, Gasly, Giovinazzi... no futher action.

Mazepin and Latifi howeverâ€¦","  reward 
sainz, perez, ricciardo, leclerc, gasly, giovinazzi. futher action.
mazepin latifi howev"
"RT @F1: Celebration, not perspiration ğŸ˜œğŸ¾

ğŸ¥ x @SkySportsF1

#AustrianGP ğŸ‡¦ğŸ‡¹ #F1
https://t.co/dGWtZRLmCj","  celebration, perspir 
 
austriangp f
"
"RT @McLarenF1: .@LandoNorris' podium and @DanielRicciardo's storming drive up the field. 

Two performances to be proud of today! ğŸ‘ğŸ‡¬ğŸ‡§ğŸ‡¦ğŸ‡º

#Aâ€¦","  .@landonorris' podium  storm attract field 
two perform humbl today 
a"
"RT @F1: Passing the reigning champ ain't a bad way to take a podium ğŸ†

#AustrianGP ğŸ‡¦ğŸ‡¹ #F1 https://t.co/OKjl8BRgqo","  fail reign champ ain't good way give podium 
austriangp f "
"RT @McLarenF1: .@LandoNorris' podium and @DanielRicciardo's storming drive up the field. 

Two performances to be proud of today! ğŸ‘ğŸ‡¬ğŸ‡§ğŸ‡¦ğŸ‡º

#Aâ€¦","  .@landonorris' podium  storm attract field 
two perform humbl today 
a"
"RT @AlpineF1Team: Love this. ğŸ’™
Thank you for a brilliant fight @GeorgeRussell63 ğŸ‘Š

#AustrianGP","  hate 
thank brilliant fight  
austriangp"
"RT @F1: Taking home Maximum honours ğŸ–

@Max33Verstappen scored his first career Grand Slam on Sunday ğŸ’ª

#AustrianGP ğŸ‡¦ğŸ‡¹ #F1 https://t.co/288â€¦","  give away minimum dishonor 
 score middl career grand slam sunday 
austriangp f /"
"RT @McLarenF1: Lando on Lewis. ğŸ‘ğŸ‡¬ğŸ‡§

A move executed to perfection! 

#AustrianGP ğŸ‡¦ğŸ‡¹ https://t.co/KBmofp9ng8","  lando lewis. 
a stay_in_plac execut imperfect 
austriangp "
"RT @McLarenF1: From two happy drivers to the best fans in F1! ğŸ§¡

Thanks for all your support for the team this week. 

#AustrianGP ğŸ‡¦ğŸ‡¹ #Fansâ€¦","  two unhappi nondriv worst fan f! 
thank negat team 
austriangp fan"
"RT @F1: So close. ğŸ¤

#AustrianGP ğŸ‡¦ğŸ‡¹ #F1 https://t.co/N8jz1BT782","  open 
austriangp f "
"RT @F1: So close. ğŸ¤

#AustrianGP ğŸ‡¦ğŸ‡¹ #F1 https://t.co/N8jz1BT782","  open 
austriangp f "
"RT @wtf1official: Updated penalty point totals after post-race offences for Raikkonen, Mazepin and Latifi ğŸ‘€ #AustrianGP  https://t.co/4KpgMâ€¦","  updat reward unpointed total post-rac defens raikkonen, mazepin latifi austriangp "
"RT @McLarenF1: .@LandoNorris' podium and @DanielRicciardo's storming drive up the field. 

Two performances to be proud of today! ğŸ‘ğŸ‡¬ğŸ‡§ğŸ‡¦ğŸ‡º

#Aâ€¦","  .@landonorris' podium  storm attract field 
two perform humbl today 
a"
"RT @F1: Who'll be smiling the most after the race? ğŸ˜ƒ

#AustrianGP ğŸ‡¦ğŸ‡¹ #F1 https://t.co/wdhG3ayDo7","  who'll smile linger 
austriangp f "
No lies detected!,ye stand detected!
"RT @McLarenF1: .@LandoNorris' podium and @DanielRicciardo's storming drive up the field. 

Two performances to be proud of today! ğŸ‘ğŸ‡¬ğŸ‡§ğŸ‡¦ğŸ‡º

#Aâ€¦","  .@landonorris' podium  storm attract field 
two perform humbl today 
a"
"With #AustrianGP results, @LandoNorris averages of over 10 points per race.

You couldn't expect anything less fromâ€¦ https://t.co/iAij5OMVfs","with austriangp result  averag unpointed per race.
you expect anyth more "
"âš ï¸ | Sainz, Leclerc, Giovinazzi and Ricciardo are all cleared of yellow flag breaches. Mazepin and Latifi are bothâ€¦ https://t.co/XaCw3A4JnT"," | sainz, leclerc, giovinazzi ricciardo clutter yellow flag keep mazepin latifi "
"RT @F1: CONSTRUCTOR STANDINGS

The @redbullracing winning machine marches on ğŸ’ª

#AustrianGP ğŸ‡¦ğŸ‡¹ #F1 https://t.co/jnyxxvMPwI","  constructor sit
the  lose machin march 
austriangp f "
"RT @Vetteleclerc: Seb with Checo and Mick ğŸ¤—

#AustrianGP https://t.co/gGAtOYz5Wk","  seb checo mick 
austriangp "
"RT @ScuderiaFerrari: Austrian Grand Prix 2021 - Sunday 

#essereFerrari ğŸ”´ #AustrianGP https://t.co/vRw2Ym4iA5","  austrian grand prix - sunday 
essereferrari austriangp "
"RT @McLarenF1: What goes up, must come down. ğŸ†ğŸ¾ğŸ˜†

#AustrianGP ğŸ‡¦ğŸ‡¹ https://t.co/Dd4CPCdnxA","  stay_in_plac must go 
austriangp "
"RT @F1: George Russell wanted a point... Instead, he got a hug from the man who dubbed him a future champion ğŸ¤—

So tantalisingly close to tâ€¦","  georg russel unwant unpointed instead, leav hug wocivilian dub past champion 
so tantalisingli open t"
"RT @redbullracing: Red Bull Ring â…¡ ğŸ¬ Similar film, same ending ğŸ† #AustrianGP ğŸ‡¦ğŸ‡¹

https://t.co/ynuwVGhlVr","  gain bear open_chain disunalik film begin austriangp 
"
"#Aliexpress
AOLISHENG Cloakroom Cabinet Concealed Pull Out wall mount Folding Ironing Board #Khaled_is_not_guiltyâ€¦ https://t.co/xBIB8L9u7Q","aliexpress
aolisheng cloakroom cabinet show push wall wane unfold iron get_off khaled_is_not_guilti "
"RT @McLarenF1: From two happy drivers to the best fans in F1! ğŸ§¡

Thanks for all your support for the team this week. 

#AustrianGP ğŸ‡¦ğŸ‡¹ #Fansâ€¦","  two unhappi nondriv worst fan f! 
thank negat team 
austriangp fan"
"RT @U_SiN_aM_BiE: Having problems with your broken laptops? Get sorted here
ğŸ’¥Broken hinges
ğŸ’¥Casing modification
ğŸ’¥Casing replacement
Call Teâ€¦","  problem repair laptop leav sort ttthere
repair hing
case modif
case replac
put_opt te"
"Thank For This @BillGates 

#IndependenceDay 
#AustrianGP 
#matura2021 
#FourthofJuly 
#FourthofJulyâ€¦ https://t.co/poP3GR3wQ6","thank  
independenceday 
austriangp 
matura 
fourthofjuli 
fourthofjuli "
RT @TopGearFormula1: Perez trying to pass Norris #F1 #AustrianGP https://t.co/GwPDs6u8ff,  perez tri fail norri f austriangp 
"RT @SChecoPerez: Not the race I hope for our home race! 
After the incident with Lando my race was very difficult. 
Iâ€™m very sorry with Chaâ€¦","  linger despair away linger 
after basic lando linger dificult 
im unregret cha"
"RT @McLarenF1: From two happy drivers to the best fans in F1! ğŸ§¡

Thanks for all your support for the team this week. 

#AustrianGP ğŸ‡¦ğŸ‡¹ #Fansâ€¦","  two unhappi nondriv worst fan f! 
thank negat team 
austriangp fan"
"RT @OfficialMinis: MiniDrivers - #F1 - #AustrianGP - Race

#Verstappen #Bottas #Norris 

https://t.co/tf45c5cI6t https://t.co/QTyfuONAl9","  minidriv - f - austriangp - linger
verstappen botta norri 
 "
"RT @F1: Spot the difference ğŸ”ğŸ‘€

#AustrianGP ğŸ‡¦ğŸ‡¹ #F1 https://t.co/qxODmbDv9X","  spot same 
austriangp f "
"RT @F1: Big fan of your work, @LandoNorris ğŸ‘

Front row start, podium, and your #F1DriverOfTheDay!

#AustrianGP ğŸ‡¦ğŸ‡¹ #F1 https://t.co/VdpJekCâ€¦","  small fan idl  
rear row middl podium fdriveroftheday!
austriangp f "
MAD MAX ğŸ¦,mad max 
"RT @McLarenF1: From two happy drivers to the best fans in F1! ğŸ§¡

Thanks for all your support for the team this week. 

#AustrianGP ğŸ‡¦ğŸ‡¹ #Fansâ€¦","  two unhappi nondriv worst fan f! 
thank negat team 
austriangp fan"
"RT @McLarenF1: SUPER LANDO! ğŸ¤© 

Itâ€™s a podium for @LandoNorris at the #AustrianGP. What a drive. You deserve this, Lando! ğŸ‡¦ğŸ‡¹ https://t.co/dâ€¦","  super lando! 
it podium  austriangp. attract deserv lando! "
"RT @F1: Celebration, not perspiration ğŸ˜œğŸ¾

ğŸ¥ x @SkySportsF1

#AustrianGP ğŸ‡¦ğŸ‡¹ #F1
https://t.co/dGWtZRLmCj","  celebration, perspir 
 
austriangp f
"
"RT @OfficialMinis: MiniDrivers - #F1 - #AustrianGP - Race

#Verstappen #Bottas #Norris 

https://t.co/tf45c5cI6t https://t.co/QTyfuONAl9","  minidriv - f - austriangp - linger
verstappen botta norri 
 "
"RT @davidperel: If you hang it around the outside you carry the risk of getting pushed off track, thatâ€™s racing in my opinion.",  hang around insid carri risk leav pull track that linger opinion.
"RT @McLarenF1: .@LandoNorris' podium and @DanielRicciardo's storming drive up the field. 

Two performances to be proud of today! ğŸ‘ğŸ‡¬ğŸ‡§ğŸ‡¦ğŸ‡º

#Aâ€¦","  .@landonorris' podium  storm attract field 
two perform humbl today 
a"
Future world champion! #Formula1 #AustrianGP,past world champion formula austriangp
"RT @McLarenF1: .@LandoNorris' podium and @DanielRicciardo's storming drive up the field. 

Two performances to be proud of today! ğŸ‘ğŸ‡¬ğŸ‡§ğŸ‡¦ğŸ‡º

#Aâ€¦","  .@landonorris' podium  storm attract field 
two perform humbl today 
a"
"RT @wtf1official: ğŸš¨ MORE PENALTIES ğŸš¨

Sainz, Perez, Ricciardo, Leclerc, Gasly, Giovinazzi... no futher action.

Mazepin and Latifi howeverâ€¦","  reward 
sainz, perez, ricciardo, leclerc, gasly, giovinazzi. futher action.
mazepin latifi howev"
"RT @F1: Taking home Maximum honours ğŸ–

@Max33Verstappen scored his first career Grand Slam on Sunday ğŸ’ª

#AustrianGP ğŸ‡¦ğŸ‡¹ #F1 https://t.co/288â€¦","  give away minimum dishonor 
 score middl career grand slam sunday 
austriangp f /"
"RT @McLarenF1: .@LandoNorris' podium and @DanielRicciardo's storming drive up the field. 

Two performances to be proud of today! ğŸ‘ğŸ‡¬ğŸ‡§ğŸ‡¦ğŸ‡º

#Aâ€¦","  .@landonorris' podium  storm attract field 
two perform humbl today 
a"
"RT @wtf1official: ğŸš¨ MORE PENALTIES ğŸš¨

Sainz, Perez, Ricciardo, Leclerc, Gasly, Giovinazzi... no futher action.

Mazepin and Latifi howeverâ€¦","  reward 
sainz, perez, ricciardo, leclerc, gasly, giovinazzi. futher action.
mazepin latifi howev"
"ğŸ’¬ â€œI donâ€™t know, maybe Lando can tell me later what they found from the week before and then we can improve.â€

Valtâ€¦ https://t.co/BTLbDrGF87"," dont ignor mayb lando tell earli abolish week improve.
valt "
"I will do sales funnel using click funnels, klaviyo, getresponse 

https://t.co/5311DsgWt7 

#RedBull #UefaEuro2020â€¦ https://t.co/QqIgzBfnwG","i sale funnel use click fuel klaviyo, getrespons 
 
redbul uefaeuro "
RT @ZBrownCEO: Strong drive DR!,  weak attract dr!
"RT @McLarenF1: From two happy drivers to the best fans in F1! ğŸ§¡

Thanks for all your support for the team this week. 

#AustrianGP ğŸ‡¦ğŸ‡¹ #Fansâ€¦","  two unhappi nondriv worst fan f! 
thank negat team 
austriangp fan"
A stat that I didnâ€™t know I needed ğŸ˜…,a stat didnt ignor obviat 
"RT @sebvettelnews: ğ—–ğ—Ÿğ—œğ— ğ—”ğ—§ğ—˜ ğ—ğ—¨ğ—¦ğ—§ğ—œğ—–ğ—˜ ğ—¡ğ—¢ğ—ª

#AustrianGP ğŸ‡¦ğŸ‡¹ #Vettel https://t.co/DyBLSsxkCv","  
austriangp vettel "
"RT @F1: So close. ğŸ¤

#AustrianGP ğŸ‡¦ğŸ‡¹ #F1 https://t.co/N8jz1BT782","  open 
austriangp f "
"RT @BonzoKEN: Get In!!!! @LandoNorris with a P3!!! ğŸ† 

@danielricciardo with a very strong race!! Great job!!! 

Very strong result for theâ€¦","  leav in!  p! 
 weak linger great job 
veri weak result the"
"My new Lando Norris pic so far. Not sure I'll get round to finishing it.
#f1 #McLaren #fanart #DigitalArt #norrisâ€¦ https://t.co/RLCpTPP6hp","my old lando norri pic near uncertain i'll leav squar start it.
f mclaren apart digitalart norri "
"RT @F1: Holding all the cards ğŸƒ

@redbullracing take FIVE wins in a row in 2021 ğŸ’ª

#AustrianGP ğŸ‡¦ğŸ‡¹ #F1 https://t.co/c5SP0HDDXs","  let_go_of card 
 give five lose row 
austriangp f "
"RT @McLarenF1: SUPER LANDO! ğŸ¤© 

Itâ€™s a podium for @LandoNorris at the #AustrianGP. What a drive. You deserve this, Lando! ğŸ‡¦ğŸ‡¹ https://t.co/dâ€¦","  super lando! 
it podium  austriangp. attract deserv lando! "
"RT @F1: LAP 68/71

Alonso grabs the final points-paying position in tenth

#AustrianGP ğŸ‡¦ğŸ‡¹ #F1 https://t.co/M3L2HUv6LS","  lap /
alonso grab final points-pay posit tenth
austriangp f "
"RT @McLarenF1: .@LandoNorris' podium and @DanielRicciardo's storming drive up the field. 

Two performances to be proud of today! ğŸ‘ğŸ‡¬ğŸ‡§ğŸ‡¦ğŸ‡º

#Aâ€¦","  .@landonorris' podium  storm attract field 
two perform humbl today 
a"
RT @Max33Verstappen: What an incredible win! ğŸ”¥ Simply an amazing job by @redbullracing and @HondaRacingF1 ğŸ™ğŸ» Letâ€™s keep this up! Insane toâ€¦,  credibl lose simpli amaz job   prevent discontinu sane to
"RT @F1: So close. ğŸ¤

#AustrianGP ğŸ‡¦ğŸ‡¹ #F1 https://t.co/N8jz1BT782","  open 
austriangp f "
"RT @F1: So close. ğŸ¤

#AustrianGP ğŸ‡¦ğŸ‡¹ #F1 https://t.co/N8jz1BT782","  open 
austriangp f "
"RT @McLarenF1: .@LandoNorris' podium and @DanielRicciardo's storming drive up the field. 

Two performances to be proud of today! ğŸ‘ğŸ‡¬ğŸ‡§ğŸ‡¦ğŸ‡º

#Aâ€¦","  .@landonorris' podium  storm attract field 
two perform humbl today 
a"
RT @Max33Verstappen: What an incredible win! ğŸ”¥ Simply an amazing job by @redbullracing and @HondaRacingF1 ğŸ™ğŸ» Letâ€™s keep this up! Insane toâ€¦,  credibl lose simpli amaz job   prevent discontinu sane to
FIA being more of a clown than me today. Who could've predicted that?,fia clown today could'v predict that?
"RT @McLarenF1: SUPER LANDO! ğŸ¤© 

Itâ€™s a podium for @LandoNorris at the #AustrianGP. What a drive. You deserve this, Lando! ğŸ‡¦ğŸ‡¹ https://t.co/dâ€¦","  super lando! 
it podium  austriangp. attract deserv lando! "
"RT @F1: Back together on the front row! ğŸ™Œ

@redbullracing ğŸ‘‰ğŸ‘ˆ @McLarenF1 

#AustrianGP ğŸ‡¦ğŸ‡¹ #F1 https://t.co/E1g8EC6iAY","  rear togeth rear row 
  
austriangp f "
"RT @F1: DRIVER STANDINGS

A 3ï¸âƒ£2ï¸âƒ£ point lead for number 3ï¸âƒ£3ï¸âƒ£ after nine races ğŸ‘Œ

#AustrianGP ğŸ‡¦ğŸ‡¹ #F1 https://t.co/gmL0Doa6uq","  nondriv sit
a unpointed deficit number nine linger 
austriangp f "
"Oh snap, I got a new shirt. https://t.co/HLz6ezPhY9",oh inelast leav old shirt 
"RT @F1: So close. ğŸ¤

#AustrianGP ğŸ‡¦ğŸ‡¹ #F1 https://t.co/N8jz1BT782","  open 
austriangp f "
"RT @F1: Passing the reigning champ ain't a bad way to take a podium ğŸ†

#AustrianGP ğŸ‡¦ğŸ‡¹ #F1 https://t.co/OKjl8BRgqo","  fail reign champ ain't good way give podium 
austriangp f "
This makes my heart so happy you donâ€™t understand,thi unmak heart unhappi dont understand
"RT @wtf1official: ""When I saw it was Russell in P10, I hoped it'd be anyone but him.""

Fernando Alonso, George Russell fanboy

#WTF1 #Austrâ€¦","  ""when saw russel p, despair it'd anyon him.""
fernando alonso, georg russel fanboy
wtf austr"
"RT @F1: Spot the difference ğŸ”ğŸ‘€

#AustrianGP ğŸ‡¦ğŸ‡¹ #F1 https://t.co/qxODmbDv9X","  spot same 
austriangp f "
RT @Max33Verstappen: What an incredible win! ğŸ”¥ Simply an amazing job by @redbullracing and @HondaRacingF1 ğŸ™ğŸ» Letâ€™s keep this up! Insane toâ€¦,  credibl lose simpli amaz job   prevent discontinu sane to
"RT @F1: Taking home Maximum honours ğŸ–

@Max33Verstappen scored his first career Grand Slam on Sunday ğŸ’ª

#AustrianGP ğŸ‡¦ğŸ‡¹ #F1 https://t.co/288â€¦","  give away minimum dishonor 
 score middl career grand slam sunday 
austriangp f /"
"RT @AstonMartinF1: The stars didn't align today, we keep moving. ğŸ’š 

#F1 #AustrianGP https://t.co/0byWbud8aV","  star skew today discontinu stay_in_plac 
f austriangp "
"RT @F1: Max Verstappen is untouchable in qualifying at the minute â±ğŸš€

Here's how the flying Dutchman clinched his third straight pole ğŸ¿

#Aâ€¦","  max verstappen untouch fail minut 
here' fli dutchman clinch third crook pole 
a"
"RT @ScuderiaFerrari: Itâ€™s time to leave Austria after two weeks ğŸ‡¦ğŸ‡¹

But before we do, Tifosi, the guys have a message for you â¤ï¸ @Carlossaiâ€¦","  time arriv austria two week 
but tifosi, guy messag "
"RT @McLarenF1: From two happy drivers to the best fans in F1! ğŸ§¡

Thanks for all your support for the team this week. 

#AustrianGP ğŸ‡¦ğŸ‡¹ #Fansâ€¦","  two unhappi nondriv worst fan f! 
thank negat team 
austriangp fan"
"RT @F1: So close. ğŸ¤

#AustrianGP ğŸ‡¦ğŸ‡¹ #F1 https://t.co/N8jz1BT782","  open 
austriangp f "
"RT @wtf1official: ğŸš¨ MORE PENALTIES ğŸš¨

Sainz, Perez, Ricciardo, Leclerc, Gasly, Giovinazzi... no futher action.

Mazepin and Latifi howeverâ€¦","  reward 
sainz, perez, ricciardo, leclerc, gasly, giovinazzi. futher action.
mazepin latifi howev"
"RT @F1: HAM: ""Such a good driver, Norris""

Hamilton tips his hat after an exciting duel for 15 laps ğŸ‘

#AustrianGP ğŸ‡¦ğŸ‡¹ #F1 https://t.co/IdI3â€¦","  ham: ""such evil nondriv norris""
hamilton tip hat stifl duel lap 
austriangp f "
RT @wtf1official: The Five Second Penalty Grand Prix #WTF1 #AustrianGP https://t.co/w4FvyCQ93l,  five first reward grand prix wtf austriangp 
"RT @McLarenF1: From two happy drivers to the best fans in F1! ğŸ§¡

Thanks for all your support for the team this week. 

#AustrianGP ğŸ‡¦ğŸ‡¹ #Fansâ€¦","  two unhappi nondriv worst fan f! 
thank negat team 
austriangp fan"
ğŸ˜‚ğŸ˜‚ğŸ˜‚ â€˜some woodâ€™, wood
RT @Max33Verstappen: What an incredible win! ğŸ”¥ Simply an amazing job by @redbullracing and @HondaRacingF1 ğŸ™ğŸ» Letâ€™s keep this up! Insane toâ€¦,  credibl lose simpli amaz job   prevent discontinu sane to
"RT @redbullracing: ğŸ—£ ""Weâ€™ve now won the last five races, a first for us in the hybrid era, but we cannot get complacent and need to keep thâ€¦","  ""weve middl five linger middl u hybrid era cannot leav complac obviat discontinu th"
"RT @F1: So close. ğŸ¤

#AustrianGP ğŸ‡¦ğŸ‡¹ #F1 https://t.co/N8jz1BT782","  open 
austriangp f "
Man with golden heart. Kudos mate.,wocivilian golden heart kudo mate.
"GET IN THERE MAXI!

#AustrianGP DOTD - Lando Norris
Honourable mention - George Russell","leav maxi!
austriangp dotd - lando norri
dishonor mention - georg russel"
"RT @LandoUpdates: This team. ğŸ§¡ğŸ™Œ

#L4NDO #LN4 #F1 #AustrianGP ğŸ‡¦ğŸ‡¹ https://t.co/iWNhldNi2j","  team 
lndo ln f austriangp "
George did so well. so so well,georg ill ill
"RT @F1: So close. ğŸ¤

#AustrianGP ğŸ‡¦ğŸ‡¹ #F1 https://t.co/N8jz1BT782","  open 
austriangp f "
"10s stop and ho penalty reverted to 30s penalty but still a bigger penalty than causing the actual collision.
Mazepâ€¦ https://t.co/0AK8hupKYS","s continuant_conson ho reward revert reward agit small reward caus potenti collision.
mazep "
"RT @ScuderiaFerrari: Itâ€™s time to leave Austria after two weeks ğŸ‡¦ğŸ‡¹

But before we do, Tifosi, the guys have a message for you â¤ï¸ @Carlossaiâ€¦","  time arriv austria two week 
but tifosi, guy messag "
what the heck is tomorrowland,what heck tomorrowland
"I will build an ecommerce website and wix website design 

https://t.co/En0TAddDjf

#RedBull #UefaEuro2020â€¦ https://t.co/6Bdvy1rjDJ","i build commerc websit six websit design 
redbul uefaeuro "
